{"_runtime":165.2256218,"train_poly":1048.5208740234375,"s_per_iter":0.04141198635101318,"train_loss":7.208049553525028e+12,"_step":1050,"train_upper":1.9921540021896362,"_wandb":{"runtime":165},"train_line_iou":249.26747131347656,"train_cls_loss":0,"epoch":2,"train_conf":0.420969158411026,"train_lower":0.03460223227739334,"learning_rate":0.0002999950061310657,"_timestamp":1.7350294209240096e+09,"train_length_reg":1.36033009664e+12}