{"train_poly":50.0167236328125,"train_loss":556.8360786437988,"train_conf":0.8964083790779114,"learning_rate":0.0003,"_runtime":52.8551031,"_wandb":{"runtime":52},"train_upper":1.3255884647369385,"_step":8,"train_line_iou":294.72918701171875,"epoch":1,"_timestamp":1.7351352555136676e+09,"train_lower":0.29803913831710815,"s_per_iter":0.6437960565090179,"train_cls_loss":0}