{"epoch":2,"train_upper":1.3448628187179565,"train_line_iou":286.3590087890625,"_timestamp":1.7350309962241197e+09,"train_conf":0.7955294251441956,"_wandb":{"runtime":175},"_step":947,"train_loss":314.0550722689242,"train_poly":55.175907135009766,"train_cls_loss":0,"learning_rate":0.0002999950061310657,"s_per_iter":0.06652847528457642,"train_lower":3.0596391297876835e-05,"_runtime":175.1301635}