{"val_FN":1,"_wandb":{"runtime":634},"train_line_iou":232.12074279785156,"epoch":5,"train_lower":0.005609050393104553,"s_per_iter":0.12019105672836304,"_runtime":634.4998049,"train_cls_loss":0,"val_Accuracy":0.40015629156690635,"train_poly":7.862782955169678,"_step":2696,"train_conf":0.25354254245758057,"learning_rate":0.00029987516990168746,"val_FP":1,"val_FPS":145.75042675044364,"_timestamp":1.7350321829521122e+09,"train_upper":0.0356738306581974,"val_loss":965.8575646597579,"train_loss":286.7386247817784}