{"train_lower":0.02427734062075615,"_runtime":164.6373344,"_timestamp":1.7350299764106565e+09,"train_loss":4.734883299526594e+13,"train_conf":0.694063127040863,"epoch":2,"_wandb":{"runtime":164},"_step":943,"train_cls_loss":0,"train_length_reg":3.4926942486528e+13,"train_upper":1.6444979906082153,"learning_rate":0.0002999950061310657,"s_per_iter":0.04406143426895141,"train_poly":1158.2464599609375,"train_line_iou":297.35687255859375}