{"learning_rate":0.00029998002485677943,"epoch":2,"train_upper":0.8822929263114929,"_timestamp":1.735031286831812e+09,"_runtime":227.1567383,"s_per_iter":0.05313876152038574,"train_loss":294.02200293907754,"train_cls_loss":0,"train_poly":10.404458045959473,"_step":910,"_wandb":{"runtime":227},"train_conf":0.5959184765815735,"train_lower":0.0017335308948531747,"train_line_iou":270.67779541015625}