{"train_loss":420.9178073658663,"train_poly":100.452880859375,"epoch":1,"train_cls_loss":0,"train_conf":1.002539873123169,"_runtime":66.2193995,"learning_rate":0.0003,"_timestamp":1.7350297322200048e+09,"train_lower":0.045998089015483856,"train_length_reg":0.06982171535491943,"train_line_iou":283.5491943359375,"s_per_iter":0.08685669057509478,"_step":85,"train_upper":2.510251998901367,"_wandb":{"runtime":66}}